store_nbr,total_sales,avg_daily_sales,sales_variance,prop_sales_on_promo,avg_sales_dayofweek_0,avg_sales_dayofweek_1,avg_sales_dayofweek_2,avg_sales_dayofweek_3,avg_sales_dayofweek_4,avg_sales_dayofweek_5,avg_sales_dayofweek_6,avg_sales_month_1,avg_sales_month_2,cluster
1,357529.909,6.793659319360784,99.02014446100603,0.495696125562924,6.234371517869276,5.839367164997943,6.772761273919444,5.767699319160761,6.7256989473684206,7.931351861167002,8.093867698259189,6.8859662147420915,6.649483156459935,0
2,800962.206,13.448891900060447,471.6748785600205,0.49286385922493114,12.261592293054234,11.390337313432836,13.195449575871818,11.141351422739826,12.69050623179965,16.524231225071222,16.720014657980457,13.7869288771087,12.924258859322107,1
3,340260.155,6.664058344268396,92.2161949243054,0.4848508588103958,5.83648754398311,5.839590170879819,6.575669570026268,5.285758535161949,6.284762955983309,7.805663929167201,8.743035827604443,6.831457995625885,6.403388741423349,0
4,342638.563,6.756557875847926,85.93923508260825,0.4885628648051743,6.393770029465413,5.935285281822114,6.867803588549514,6.236955655346618,6.546046451437134,7.40956042054831,7.817098289437958,6.796488596604899,6.694444315662166,0
5,450421.32,8.16912998530932,130.79378235366087,0.4864247238696338,7.304458300857366,6.876800235787268,7.9925292030913475,6.446222440944881,7.050737564102564,9.828419231229793,11.351919543053679,8.356425392943422,7.8785048593113665,0
6,393223.387,7.609989684935749,134.4451998437713,0.48240826753367394,8.016245783460283,7.272778428435244,7.953686778941785,7.142471669639183,7.878557011094774,7.713556179775281,7.265323643949931,7.792257128293351,7.3279213134151755,0
7,510605.388,8.845940681196078,190.05992708010763,0.4842347804996362,7.910923903644225,7.498576540755467,8.92630714884445,7.582954905847374,8.657697530113152,10.765966886650457,10.400173493975904,9.040909552874378,8.540665377605903,0
8,472047.51,9.63873708498387,222.79473885081154,0.6275574794789072,9.398616637831603,8.960031647398845,8.851487525682419,8.310792439059991,7.4643975850390225,11.585681073825503,12.562390876317249,9.406093844907875,9.995208117890384,0
9,200584.999,6.186121788743254,92.80723054052808,0.5668465690053971,6.053365131578948,5.918746430116832,5.840418822479928,5.570240941610893,5.418268127400045,7.303872763028515,6.95442612942613,6.070205885358129,6.362679091121314,0
10,551601.567,12.18443522343222,724.985813946138,0.6380906098827064,11.548726775101656,10.626765522620904,11.853228298887123,11.013964607362933,11.717142132784028,14.027173136077339,14.257355886736214,11.62857187373978,13.027065243970211,1
11,209727.002,6.1628221915312515,358.07950404757935,0.5401839499280068,5.948359731824849,6.270446830476978,5.721210820895522,5.861038501998737,5.586721166032953,6.766999806051202,6.906402789005659,6.286624939560971,5.97101093714885,0
12,202402.998,6.329049343339587,121.39894424122544,0.5409631019387117,6.052597821350762,5.9387981834293315,6.099332806502597,5.746595319245626,5.935526327532352,8.378319449980072,5.909303123625165,6.284047752227056,6.397617108585859,0
13,257746.582,7.679714617722424,218.23591993762588,0.5446040164471724,7.867531401987734,7.136119112413649,7.555634777123633,6.902291737649063,7.172623267534649,10.27413592606854,6.580062392426851,7.767034124194493,7.542946551460468,0
14,216837.508,6.284598672579196,83.76474323598063,0.5770222879169927,6.683886142625607,5.913358985024958,6.374789849164289,6.056042230422304,5.876452614379085,7.012157542113322,6.013532440782698,6.358782979737783,6.1695768036664695,0
15,238878.219,6.729343033410333,75.93716714155808,0.5779480534114598,6.517561948676824,6.232828810446848,6.215048426150121,5.849878206422945,5.685561941510967,7.587365549348231,8.749470968934911,6.622542585286609,6.894254927255788,0
16,279297.409,7.597035387879447,156.39783029788154,0.5819823740615819,7.760145027889979,7.380128472222223,6.818692412187076,6.378745619216382,6.549025289158989,8.899623149634385,9.162413710714942,7.761427045944005,7.343929469466703,0
17,234925.34,5.612435854555879,75.50414281750363,0.5972812843423002,5.099158437983829,5.398123107971746,5.429677004797807,5.129800686106346,4.61174313583815,6.3040756748322675,7.037442663378545,5.772845903056014,5.363428597560976,0
18,218466.505,6.886908297080891,208.62072818014124,0.5660424941680853,6.463759982253771,6.37544122965642,7.042661886623348,5.982713147410359,6.593784361773223,8.648001208946202,6.867134982638889,6.670792908774336,7.207687916046676,0
19,260313.258,5.847239560637031,1503.800089578105,0.594487746804735,5.718245397815913,6.222680680359435,6.165912851278812,5.258847068538398,5.079741519350215,7.060269657929809,5.32971654275093,5.782828075884767,5.946893466071633,0
20,475036.48,9.171119562909048,201.8132918170612,0.5950537675927178,8.184917177060134,8.049214740044247,9.960052834196203,8.54685650163221,9.671628684732319,10.726825741801147,8.90958286187388,9.337236182336182,8.911426188944425,0
21,286026.569,6.853726523374788,242.38708816418588,0.5395490379316129,5.967946294681778,5.06166140956136,6.124169706180345,5.724274769992923,8.01588163072564,9.96316425937308,6.68443407596786,5.447627963053784,8.846452823631624,0
22,195698.937,5.211689400798935,83.70433781183254,0.5397070572569906,4.522117081780742,4.462228668261563,5.041812859884837,4.792219825072887,4.915662901990811,6.1455049751243775,6.281752317198764,5.125099576084077,5.343258990874933,0
23,275116.966,5.999977449676139,86.59555230333793,0.5340108607942774,5.628783598378546,5.365277335033471,5.705455048409405,4.86917374136229,5.047245262160454,6.952880265761945,8.0134000557569,5.93386829426147,6.101891303142842,0
24,221233.39,5.467818145868861,95.27496526228121,0.5301154197869553,4.947113355167394,4.896153502747253,4.792238095238096,4.773184682237914,4.515624290578888,6.526910647571607,7.304121417565486,5.309357637172516,5.70549422304603,0
25,121194.595,4.191554091443591,38.97325527457886,0.4873417721518987,4.015912180600347,4.160935420743639,4.006344322344322,4.080101053159479,3.938970384995064,4.825358068842199,4.2450468227424745,4.177414019219898,4.21384007483963,0
26,275924.441,6.924076311166876,115.53151351027462,0.5688080301129235,6.426559343434343,6.241835937499999,6.08111146377894,6.138878088367899,6.591116616528049,8.239856933831897,8.474510802210684,6.862764400514971,7.017686703443029,0
27,121739.584,4.602630775047259,115.51262039760103,0.6174669187145557,4.289288864688266,4.086281292059219,3.9711969826359237,4.52826241900648,4.839102584598987,5.597773471352913,4.740144489588623,4.4791758809808995,4.787609048833475,0
28,247218.866,6.961362486976601,92.42151970175422,0.6158026638132514,7.0198254254254255,6.6771297221667,6.490105430674358,6.185399392712551,5.880075406504066,7.904026681489716,8.407478875931943,6.9491723574960345,6.979929591474246,0
29,322780.714,7.778410824878907,158.2577777955534,0.543436874954816,7.203823498785144,6.9411766207248595,7.118351452991453,7.088919033849294,8.244529783693844,9.383473531777957,8.349079437669376,7.416055370061214,8.336348185323459,0
30,144947.857,5.153518346014364,74.58741371463256,0.6032141079428287,5.1644234693877555,4.49593465085639,4.659128053691275,4.584162723449,4.804039512922466,6.269614263970428,5.795357360882837,4.567700468788551,5.950671227127749,0
31,375073.972,7.374345719790806,96.44435279347455,0.509791199716881,6.850346781240897,6.533720893822943,7.9189079688757715,6.780433472803347,7.567213408876298,8.71221915689055,7.08108737458194,7.362706142742582,7.39277736577437,0
32,341621.138,6.940979682230078,89.86805699940474,0.5725750741598602,5.907347457627119,5.443120374498439,6.638836142857143,5.830690930611037,6.651466807909605,8.888141519388023,8.839252928357396,6.956656094215264,6.916738786279684,0
33,314516.692,6.971752975860616,227.13906784277557,0.5644714383880478,6.221323481912144,6.644289477810883,6.574057717250325,6.166819876757781,5.954312956494125,8.955506926774103,7.969065617977528,7.0247030725441535,6.8898147269749845,0
34,213357.205,6.31253010444096,84.97572746171754,0.5577975679753839,6.423499052830984,6.217102140283958,5.823105484345451,5.550270046669495,5.710509889652301,7.595447637415622,6.740868734593262,6.254836478599222,6.402127577611602,0
35,197111.532,4.6438187815106255,35.25260683708505,0.5885831409320077,4.136876496097138,4.006981364275668,4.252330596514745,3.881580856334041,4.2406783962104555,5.47308361749444,6.129451540866458,4.587175459741068,4.7309292675635275,0
36,221125.665,6.990789573519649,220.73938801648407,0.5836363061553539,7.153123229143242,6.437952402641767,6.896211472797633,6.530643979057591,7.5468216709075495,7.377975020815987,6.915065299754848,6.584358937960042,7.603771152168742,0
37,1102976.021,17.756427725099407,3520.3597149672923,0.5568845887599208,14.538177258673995,17.405508387538514,16.548836482231216,15.236884818557648,15.883504159172661,22.014041744071687,22.387391687096056,18.0395680665126,17.320817409072333,1
38,902494.05,14.867861320241841,1344.3259100015619,0.5926426253274246,13.277908995572128,11.651734753599438,13.782238657407408,10.601017237308145,14.509679784304728,19.068919897504458,20.800559949851838,14.733609139536778,15.074981526474529,1
39,810614.666,13.853582383401978,663.0122330444191,0.5744193598003863,12.226304342537405,10.959272571986336,12.163931920048455,10.043535024752476,11.624248241325862,18.56203871114653,20.741711442206963,13.76099825110716,13.995903087329806,1
40,876959.444,14.43079552410729,494.0426031881881,0.4838077999012671,12.47697188707977,11.590276260009421,13.211146079111728,10.80744624985282,13.098887372013651,18.72528182626083,20.692791373439274,14.49446438044714,14.332058554398925,1
41,666396.855,11.78378934432027,482.36761964413296,0.48599519026736454,9.962224278034753,9.321209557883975,9.820996037325834,8.695876431973227,10.19381706102117,15.594456870495234,18.0375693284723,11.653061686973924,11.980558385753522,1
42,478189.185,8.638590642218409,150.02201285547383,0.5687652425255171,7.945138426044604,7.212828493293397,8.666754368194479,6.779972151559781,7.9136742675159235,10.176084372003835,11.390914952484062,8.784180667639438,8.414054101221641,0
43,573852.097,10.297744266590101,294.54534713099076,0.549725442342892,9.478981676063556,8.86358437863701,10.091103703703704,8.540332773977024,9.211488726539867,12.885060451306414,12.709560113328406,10.20894365361803,10.433814277924203,1
44,577188.696,10.818704354182676,326.14474894639136,0.5524919870292966,9.829281986081371,9.449558722919043,11.771445481273169,9.4945764075067,10.850585668173014,12.497146794711899,11.550304464628374,11.025111628191782,10.49284644013727,1
45,186821.587,6.478088248552307,128.64296049949388,0.5830299247546725,6.268137822070977,5.433778890160184,5.690484856007945,5.2264536082474224,5.457068198484477,7.473875640739915,9.224881512420312,6.383019952520913,6.6289762267874766,0
46,4336.854,5.367393564356436,45.64770007044183,0.43316831683168316,5.8711796875,4.565813725490196,6.438647540983607,4.343168067226891,7.515285714285715,5.1095966386554625,2.8511956521739132,5.775517857142857,4.6907664473684205,0
47,4185.726,5.4858794233289645,91.95113960748941,0.45478374836173,5.245320754716981,4.742618181818182,7.368888888888889,4.729591666666667,7.974508771929825,5.220471074380166,2.4270476190476193,5.683804081632653,5.130630036630037,0
48,5027.632,5.537039647577092,53.01376700393907,0.4262114537444934,6.3001640625,5.1932578125,6.118428571428572,5.2630894308943095,6.123785234899328,5.5255808823529415,3.564762886597938,5.575390243902439,5.471131736526946,0
49,4602.943,5.532383413461539,44.6355700537799,0.4567307692307692,4.663518518518519,5.327265486725664,6.429516949152542,6.527267175572519,6.4326592592592595,5.825040650406504,2.871711538461539,5.913610789980732,4.900252396166135,0
50,4293.868,5.294535141800247,63.66578140956607,0.45745992601726265,4.556933333333333,4.88914953271028,6.3301138211382115,4.3488345864661655,6.271785185185186,6.236260869565218,3.2565285714285714,5.22523828125,5.413197324414716,0
51,4218.295,5.27286875,37.81572197649404,0.4625,5.157629921259843,5.241103448275862,6.653450819672131,4.86974358974359,6.152083333333333,4.862732758620689,3.6736702127659573,5.209638603696098,5.371249201277955,0
52,4585.638,5.222822323462415,43.49601558983178,0.4407744874715262,4.083224,5.27452,7.8356717557251905,4.982094017094017,6.124135338345865,4.881589552238807,2.3413181818181816,5.1916946428571435,5.277638364779874,0
53,4261.865,4.893071182548794,60.441002859295025,0.4730195177956372,6.609091666666667,3.6604130434782607,5.764333333333333,4.212147540983606,5.01398,5.424975806451613,3.0094634146341463,4.805973021582734,5.046806349206349,0
54,4413.514,5.07300459770115,34.34669113001335,0.4413793103448276,5.256316666666667,4.635821705426356,6.207618705035972,5.1097887323943665,4.530362903225806,5.774645669291338,3.383606741573034,5.136309653916211,4.9647352024922125,0
